,vader_score,google_score,huggingface_score,sentiment_intensity_score
vader_score,1.0,0.308043134653685,0.19440121402831526,0.4811700082572532
google_score,0.308043134653685,1.0,0.16697759286079975,0.3962831195649613
huggingface_score,0.19440121402831526,0.16697759286079975,1.0,0.10113694868905669
sentiment_intensity_score,0.4811700082572532,0.3962831195649613,0.10113694868905669,1.0
